Workbook

Sheet Sheet1
A1: Student_ID | B1: Name | C1: Class | D1: Maths | E1: Science | F1: English | G1: Social_Science | H1: Malayalam | I1: Total | J1: Average | K1: Grade | L1: Status | M1: Performance | N1: Result
A2: S001 | B2: Arun Kumar | C2: 10A | D2: 85 | E2: 52 | F2: 46 | G2: 92 | H2: 62 | I2: 337 | J2: 67.4 | K2: B | L2: =IF(J2>=50,"PASS","FAIL") -> PASS | M2: =if(J2>=75,"Distinction",IF( J2>=50,"Pass","At Risk")) -> Pass | N2: Pass
A3: S002 | B3: Priya Nair | C3: 10C | D3: 59 | E3: 53 | F3: 92 | G3: 51 | H3: 88 | I3: 343 | J3: 68.6 | K3: B | L3: =IF(J3>=50,"PASS","FAIL") -> PASS | M3: =if(J3>=75,"Distinction",IF( J3>=50,"Pass","At Risk")) -> Pass | N3: Pass
A4: S003 | B4: Rahul Menon | C4: 10A | D4: 79 | E4: 50 | F4: 82 | G4: 72 | H4: 47 | I4: 330 | J4: 66 | K4: B | L4: =IF(J4>=50,"PASS","FAIL") -> PASS | M4: =if(J4>=75,"Distinction",IF( J4>=50,"Pass","At Risk")) -> Pass | N4: Pass
A5: S004 | B5: Anjali Das | C5: 10A | D5: 50 | E5: 58 | F5: 59 | G5: 77 | H5: 83 | I5: 327 | J5: 65.4 | K5: B | L5: =IF(J5>=50,"PASS","FAIL") -> PASS | M5: =if(J5>=75,"Distinction",IF( J5>=50,"Pass","At Risk")) -> Pass | N5: Pass
A6: S005 | B6: Vishnu Raj | C6: 10C | D6: 80 | E6: 57 | F6: 90 | G6: 86 | H6: 89 | I6: 402 | J6: 80.4 | K6: A | L6: =IF(J6>=50,"PASS","FAIL") -> PASS | M6: =if(J6>=75,"Distinction",IF( J6>=50,"Pass","At Risk")) -> Distinction | N6: Pass
A7: S006 | B7: Sneha Thomas | C7: 10A | D7: 71 | E7: 59 | F7: 73 | G7: 82 | H7: 62 | I7: 347 | J7: 69.4 | K7: B | L7: =IF(J7>=50,"PASS","FAIL") -> PASS | M7: =if(J7>=75,"Distinction",IF( J7>=50,"Pass","At Risk")) -> Pass | N7: Pass
A8: S007 | B8: Arjun Pillai | C8: 10B | D8: 93 | E8: 96 | F8: 55 | G8: 89 | H8: 72 | I8: 405 | J8: 81 | K8: A | L8: =IF(J8>=50,"PASS","FAIL") -> PASS | M8: =if(J8>=75,"Distinction",IF( J8>=50,"Pass","At Risk")) -> Distinction | N8: Pass
A9: S008 | B9: Meera Krishnan | C9: 10A | D9: 62 | E9: 54 | F9: 58 | G9: 93 | H9: 66 | I9: 333 | J9: 66.6 | K9: B | L9: =IF(J9>=50,"PASS","FAIL") -> PASS | M9: =if(J9>=75,"Distinction",IF( J9>=50,"Pass","At Risk")) -> Pass | N9: Pass
A10: S009 | B10: Kiran Bose | C10: 10C | D10: 50 | E10: 69 | F10: 51 | G10: 67 | H10: 67 | I10: 304 | J10: 60.8 | K10: B | L10: =IF(J10>=50,"PASS","FAIL") -> PASS | M10: =if(J10>=75,"Distinction",IF( J10>=50,"Pass","At Risk")) -> Pass | N10: Pass
A11: S010 | B11: Lakshmi Nair | C11: 10C | D11: 61 | E11: 96 | F11: 47 | G11: 91 | H11: 74 | I11: 369 | J11: 73.8 | K11: B+ | L11: =IF(J11>=50,"PASS","FAIL") -> PASS | M11: =if(J11>=75,"Distinction",IF( J11>=50,"Pass","At Risk")) -> Pass | N11: Pass
A12: S011 | B12: Deepak Shetty | C12: 10C | D12: 52 | E12: 69 | F12: 50 | G12: 80 | H12: 63 | I12: 314 | J12: 62.8 | K12: B | L12: =IF(J12>=50,"PASS","FAIL") -> PASS | M12: =if(J12>=75,"Distinction",IF( J12>=50,"Pass","At Risk")) -> Pass | N12: Pass
A13: S012 | B13: Ananya Iyer | C13: 10A | D13: 84 | E13: 68 | F13: 81 | G13: 57 | H13: 90 | I13: 380 | J13: 76 | K13: B+ | L13: =IF(J13>=50,"PASS","FAIL") -> PASS | M13: =if(J13>=75,"Distinction",IF( J13>=50,"Pass","At Risk")) -> Distinction | N13: Pass
... A21: S020 | B21: Kavya Raj | C21: 10B | D21: 59 | E21: 97 | F21: 47 | G21: 96 | H21: 65 | I21: 364 | J21: 72.8 | K21: B+ | L21: =IF(J21>=50,"PASS","FAIL") -> PASS | M21: =if(J21>=75,"Distinction",IF( J21>=50,"Pass","At Risk")) -> Pass | N21: Pass
B31: SUMMARY:
B33: CRITERIA | C33: COUNT
B34: >70 in maths | C34: =COUNTIF(D2:D21,">70") -> 10
B35: At Risk | C35: =countif(M2:M21,"At Risk") -> 0

Sheet Sheet2
C1: LOOKUP TABLE
C3: Student_ID | D3: Grade
C4: S001 | D4: =VLOOKUP(C4,Sheet1!$A:$K,11,false) -> B
C5: S002 | D5: =VLOOKUP(C5,Sheet1!$A:$K,11,false) -> B
C6: S003 | D6: =VLOOKUP(C6,Sheet1!$A:$K,11,false) -> B
C7: S004 | D7: =VLOOKUP(C7,Sheet1!$A:$K,11,false) -> B
C8: S005 | D8: =VLOOKUP(C8,Sheet1!$A:$K,11,false) -> A
C9: S006 | D9: =VLOOKUP(C9,Sheet1!$A:$K,11,false) -> B
C10: S007 | D10: =VLOOKUP(C10,Sheet1!$A:$K,11,false) -> A
C11: S008 | D11: =VLOOKUP(C11,Sheet1!$A:$K,11,false) -> B
C12: S009 | D12: =VLOOKUP(C12,Sheet1!$A:$K,11,false) -> B
C13: S010 | D13: =VLOOKUP(C13,Sheet1!$A:$K,11,false) -> B+
C14: S011 | D14: =VLOOKUP(C14,Sheet1!$A:$K,11,false) -> B
C15: S012 | D15: =VLOOKUP(C15,Sheet1!$A:$K,11,false) -> B+
... C23: S020 | D23: =VLOOKUP(C23,Sheet1!$A:$K,11,false) -> B+
